Mês,ICF,ICF até 10 SM,ICF + de 10 SM,Emprego Atual,Emprego Atual até 10 SM,Emprego Atual + de 10 SM,Perspectiva Profissional,Perspectiva Profissional até 10 SM,Perspectiva Profissional + de 10 SM,Renda Atual,Renda Atual até 10 SM,Renda Atual + de 10 SM,Acesso a Crédito,Acesso a Crédito até 10 SM,Acesso a Crédito + de 10 SM,Nível de Consumo Atual,Nível de Consumo Atual até 10 SM,Nível de Consumo Atual + de 10 SM,Perspectiva de Consumo,Perspectiva de Consumo até 10 SM,Perspectiva de Consumo + de 10 SM,Momento para Duráveis,Momento para Duráveis até 10 SM,Momento para Duráveis + de 10 SM,load_timestamp
2010-01-01,138.67724867724868,136.8724842409053,150.84485407066055,142.36111111111111,141.78628389154704,146.23655913978496,122.12962962962963,153.88888888888889,144.44444444444446,153.88888888888889,153.69484316852737,155.19713261648747,158.9351851851852,156.45933014354068,175.6272401433692,109.86111111111111,107.17703349282297,127.95698924731182,141.99074074074073,140.35087719298247,153.04659498207883,141.57407407407408,139.81924508240297,153.40501792114696,2025-01-21 19:37:26.186649+00:00
2010-02-01,137.8525514889151,135.36391145086796,149.47916666666669,140.54178145087235,138.90746934225194,148.17708333333334,121.99265381083563,154.13223140495867,146.09375,154.13223140495867,155.07246376811594,149.73958333333334,159.68778696051425,155.29542920847268,180.20833333333331,104.49954086317723,103.84615384615384,107.55208333333333,136.91460055096417,133.94648829431438,150.78125,147.19926538108356,143.64548494983276,163.80208333333334,2025-01-21 19:37:26.186649+00:00
2010-03-01,138.01822022709268,135.84053867931746,151.7075517075517,142.09796672828097,140.17139796464917,154.20875420875421,119.50092421441775,159.61182994454714,150.84175084175084,159.61182994454714,158.3288698446706,167.67676767676767,155.452865064695,154.04392072844135,164.30976430976432,106.33086876155268,103.74933047670059,122.55892255892256,141.8207024029575,140.70701660417782,148.82154882154882,141.31238447319777,139.3679700053562,153.53535353535355,2025-01-21 19:37:26.186649+00:00
2010-04-01,131.43507972665148,129.33617155471458,141.3651622528907,137.72209567198178,137.41721854304637,139.1644908616188,115.99088838268793,146.87927107061503,132.37597911227152,146.87927107061503,146.7439293598234,147.5195822454308,151.6628701594533,150.38631346578367,157.7023498694517,102.46013667425969,100.0551876379691,113.83812010443864,138.3143507972665,135.9271523178808,149.60835509138383,127.01594533029612,122.29580573951435,149.34725848563968,2025-01-21 19:37:26.186649+00:00
2010-05-01,135.37256983610908,133.84841226918024,144.64285714285714,141.0125406409661,140.56246619794484,143.75,117.13887598699489,155.22526706920576,125.65789473684211,155.22526706920576,154.73228772309358,158.2236842105263,153.3209475150952,151.86587344510545,162.17105263157896,107.61727821644217,105.62466197944835,119.73684210526315,142.03437064561078,140.18388318009735,153.28947368421052,131.2587087784487,128.23147647376962,149.67105263157896,2025-01-21 19:37:26.186649+00:00
2010-06-01,137.31343283582092,136.62461282767998,142.46188594014683,140.53171641791045,141.4595452141724,133.59683794466403,117.21082089552239,161.66044776119404,112.25296442687747,161.66044776119404,161.44896879957696,163.2411067193676,155.64365671641792,154.362771020624,165.2173913043478,110.07462686567165,108.8841882601798,118.97233201581028,142.53731343283582,140.93072448439978,154.54545454545456,133.53544776119404,131.41195134849286,149.40711462450594,2025-01-21 19:37:26.186649+00:00
2010-07-01,136.31034709872887,134.7987329058178,145.04464285714286,137.85154449054863,136.72255273120606,144.375,122.63715998155831,156.84647302904565,124.0625,156.84647302904565,156.19253650621957,160.625,159.0133702166897,158.24770146024878,163.4375,106.82342093130475,104.75932936722552,118.75,137.989857076994,135.3704705246079,153.125,133.0106039649608,129.9080584099513,150.9375,2025-01-21 19:37:26.186649+00:00
2010-08-01,138.4759233286582,136.8285245132536,148.12271062271063,139.22393641888732,137.76683087027914,147.75641025641025,129.35951379149134,152.3609163160355,142.30769230769232,152.3609163160355,151.8336070060208,155.44871794871796,159.37353903693315,157.79967159277504,168.5897435897436,110.09817671809256,108.31964969896005,120.51282051282051,145.90930341280972,143.4592227695676,160.25641025641025,133.0060776063581,131.47235905856596,141.9871794871795,2025-01-21 19:37:26.186649+00:00
2010-09-01,135.71095571095572,134.7006129184347,141.32809086937527,139.95337995337997,139.3839383938394,143.11926605504587,126.52680652680652,150.39627039627038,121.7125382262997,150.39627039627038,150.1100110011001,151.98776758409787,154.82517482517483,153.02530253025301,164.83180428134557,106.57342657342657,104.95049504950495,115.59633027522935,141.44522144522145,140.53905390539055,146.48318042813455,130.25641025641025,127.5027502750275,145.56574923547402,2025-01-21 19:37:26.186649+00:00
2010-10-01,137.59119246584424,136.63810047959745,142.7299703264095,141.92200557103064,141.8271876719868,142.433234421365,128.45868152274838,151.949860724234,127.00296735905044,151.949860724234,152.7242707760044,147.77448071216617,155.75673166202415,151.84369840396258,176.8545994065282,108.03156917363046,107.31975784259768,111.86943620178042,141.13277623026926,141.22179416620804,140.65281899109792,135.88672237697307,132.80132085855806,152.52225519287833,2025-01-21 19:37:26.186649+00:00
2010-11-01,142.0715606020597,141.12916069437807,146.64092664092664,141.95933456561923,141.86176142697883,142.43243243243245,129.80591497227357,155.9611829944547,138.64864864864865,155.9611829944547,156.96767001114827,151.0810810810811,163.4935304990758,160.75808249721294,176.75675675675677,112.8003696857671,113.37792642140468,110.0,147.55083179297597,145.48494983277592,157.56756756756755,142.92975970425138,141.4715719063545,150.0,2025-01-21 19:37:26.186649+00:00
2010-12-01,147.17975751186083,145.89235127478756,152.81814959234313,147.739852398524,145.60906515580737,157.07196029776674,138.2380073800738,158.57933579335793,142.4317617866005,158.57933579335793,158.41359773371104,159.30521091811414,165.4059040590406,162.60623229461757,177.66749379652606,121.90959409594096,120.8498583569405,126.55086848635236,150.0922509225092,148.95184135977337,155.08684863523573,148.29335793357933,147.53541076487252,151.61290322580646,2025-01-21 19:37:26.186649+00:00
2011-01-01,141.55181553140736,140.46109510086455,146.0468272819817,144.3413729128015,141.78674351585016,154.86935866983373,130.5194805194805,130.2593659942363,131.5914489311164,156.91094619666046,156.4265129682997,158.90736342042754,161.59554730983302,160.46109510086455,166.270783847981,116.6048237476809,115.79250720461096,119.95249406175772,144.66604823747682,146.39769452449568,137.52969121140143,136.22448979591837,132.10374639769452,153.20665083135393,2025-01-21 19:37:26.186649+00:00
2011-02-01,136.2018192526667,134.30777716492,145.48262548262548,142.87677508016492,141.25758411472697,150.8108108108108,130.14200641319286,127.90954219525648,141.0810810810811,149.97709573980762,148.42801985659128,157.56756756756758,148.8776912505726,145.67015995587423,164.59459459459458,98.8547869903802,97.84886927744071,103.78378378378379,137.5171781951443,135.57639271924987,147.02702702702703,145.1672010994045,143.4638720353006,153.51351351351352,2025-01-21 19:37:26.186649+00:00
2011-03-01,135.30257482682003,134.1090163287844,141.06666666666666,141.7657822506862,140.5300938707896,147.73333333333335,135.5901189387008,134.5665378244064,140.53333333333333,149.17657822506862,148.37106570955274,153.06666666666666,143.5498627630375,141.19271120927664,154.93333333333334,100.27447392497713,99.66869133075649,103.2,135.77310155535224,135.6709000552181,136.26666666666665,140.98810612991767,138.76311430149087,151.73333333333332,2025-01-21 19:37:26.186649+00:00
2011-04-01,135.49282739472469,134.70796023987515,138.72714962762356,144.51642757982415,143.18573893041977,150.0,129.84729291994446,130.9948246118459,125.11848341232226,151.82785747339196,152.27142035652673,150.0,151.73530772790374,150.77630822311676,155.6872037914692,100.7866728366497,99.19493962047153,107.34597156398104,130.68024062933827,129.26969522714205,136.49289099526067,139.05599259602036,137.2627947096032,146.44549763033174,2025-01-21 19:37:26.186649+00:00
2011-05-01,133.43379545911193,131.99363310783923,141.0819949281488,143.60056258790436,142.45125348189416,149.70414201183434,133.84903891233006,132.25626740947075,142.30769230769232,147.39803094233474,146.4066852367688,152.66272189349112,149.929676511955,148.9693593314763,155.02958579881658,98.45288326300985,97.21448467966573,105.02958579881657,126.20721987810596,124.56824512534818,134.9112426035503,134.59915611814347,134.9112426035503,147.92899408284023,2025-01-21 19:37:26.186649+00:00
2011-06-01,137.58055853920516,136.8668831168831,140.9937888198758,142.76315789473685,142.2159090909091,145.3804347826087,140.08458646616543,138.6931818181818,146.73913043478262,152.67857142857144,151.76136363636363,157.06521739130434,158.8815789473684,159.3181818181818,156.79347826086956,99.3890977443609,97.7840909090909,107.06521739130434,136.09022556390977,134.77272727272728,142.3913043478261,133.1766917293233,142.3913043478261,131.52173913043478,2025-01-21 19:37:26.186649+00:00
2011-07-01,138.9077589077589,138.52097130242825,141.012441012441,149.1841491841492,148.39955849889623,153.45345345345345,142.23776223776224,142.66004415011037,139.93993993993993,154.4988344988345,154.4150110375276,154.95495495495496,158.6013986013986,158.00220750551875,161.86186186186188,101.07226107226107,102.2626931567329,94.5945945945946,138.55477855477855,138.3002207505519,139.93993993993993,128.2051282051282,139.93993993993993,142.34234234234233,2025-01-21 19:37:26.186649+00:00
2011-08-01,139.35272045028142,138.05740230257825,145.52123552123552,146.9512195121951,146.53802497162314,148.9189189189189,139.21200750469043,138.76276958002268,141.35135135135135,152.81425891181988,152.1566401816118,155.94594594594594,157.03564727954972,156.01589103291712,161.89189189189187,103.00187617260788,102.21339387060159,106.75675675675676,142.0262664165103,141.08967082860386,146.48648648648648,134.42776735459663,146.48648648648648,157.2972972972973,2025-01-21 19:37:26.186649+00:00
2011-09-01,140.14475108225105,140.342460087683,139.25788497217067,145.97537878787878,146.8442385639838,142.0779220779221,146.9223484848485,146.55471916618413,148.57142857142856,155.35037878787878,156.34047481181238,150.9090909090909,156.01325757575756,155.4140127388535,158.7012987012987,103.7405303030303,104.5744064852345,100.0,139.0151515151515,139.08511870295308,138.7012987012987,133.99621212121212,138.7012987012987,135.84415584415586,2025-01-21 19:37:26.186649+00:00
2011-10-01,135.28544626105602,134.4454107044035,139.95604395604397,143.90243902439025,144.16159380188157,142.46153846153845,132.4108818011257,130.16048699501937,144.9230769230769,146.10694183864916,145.213060320974,151.0769230769231,154.9249530956848,155.0083010514665,154.46153846153845,105.0656660412758,103.70780298837852,112.61538461538461,136.67917448405254,134.64305478693967,148.0,127.90806754221389,148.0,126.15384615384616,2025-01-21 19:37:26.186649+00:00
2011-11-01,138.2648279555496,138.0675379617738,139.80011757789538,148.87535145267105,149.3918561607615,144.8559670781893,145.78256794751638,147.22369116869382,134.5679012345679,152.57731958762886,152.8820729772607,150.20576131687244,159.79381443298968,159.227921734532,164.19753086419752,98.40674789128397,97.77895293495504,103.29218106995884,135.42642924086223,134.47911158117398,142.79835390946502,126.99156513589503,142.79835390946502,138.68312757201647,2025-01-21 19:37:26.186649+00:00
2011-12-01,138.99686101649635,137.97249567896597,147.17887154861947,147.54558204768583,147.18569174118886,150.42016806722688,145.39504441327722,144.18726985796948,155.0420168067227,151.4726507713885,150.7101525512888,157.56302521008405,162.83309957924263,162.96685954760653,161.76470588235293,101.12201963534362,99.21094160967911,116.38655462184875,134.315100514259,133.035244608101,144.53781512605042,130.2945301542777,128.51130983692792,144.53781512605042,2025-01-21 19:37:26.186649+00:00
2012-01-01,140.28677150786308,139.4971072541166,146.7312348668281,146.85476410730806,147.40394600207685,142.3728813559322,147.96484736355228,146.8847352024922,156.77966101694915,153.19148936170214,152.18068535825546,161.4406779661017,159.11193339500463,158.25545171339564,166.10169491525426,101.66512488436632,100.10384215991692,114.40677966101694,139.03792784458835,138.21391484942887,145.76271186440678,134.1813135985199,133.43717549325027,140.25423728813558,2025-01-21 19:37:26.186649+00:00
2012-02-01,150.28856753777316,150.2001964191282,150.82417582417585,156.15070358601906,157.11263881544156,150.32051282051282,155.92374035406263,155.94923320994184,155.76923076923077,161.87017703132094,163.03543098889477,154.80769230769232,170.67635043123013,170.54468535166578,171.47435897435898,102.72355878347707,101.95663670015864,107.37179487179486,147.29913753971857,146.37757800105766,152.8846153846154,157.37630503858375,156.42517186673717,163.14102564102564,2025-01-21 19:37:26.186649+00:00
2012-03-01,142.46250986582476,141.1799940101827,151.73160173160173,145.11970534069982,142.87211740041928,161.36363636363637,153.45303867403314,151.20545073375263,169.6969696969697,156.67587476979742,155.50314465408806,165.15151515151516,157.55064456721914,154.9266247379455,176.5151515151515,100.82872928176795,100.78616352201257,101.13636363636364,133.97790055248618,134.22431865828094,132.1969696969697,149.6316758747698,148.74213836477986,156.06060606060606,2025-01-21 19:37:26.186649+00:00
2012-04-01,145.28375733855185,144.92549484765365,147.9087452471483,143.83561643835617,143.33160352880125,147.52851711026616,147.76255707762556,146.60093409444733,156.27376425855513,153.74429223744292,153.50285417747796,155.51330798479088,161.59817351598173,160.19719771665802,171.86311787072242,110.68493150684931,110.7420861442657,110.26615969581749,148.21917808219177,150.23352361183186,133.46007604562737,151.14155251141554,149.87026466009343,160.45627376425855,2025-01-21 19:37:26.186649+00:00
2012-05-01,139.83315954118873,139.1205512538183,147.750591949487,139.4160583941606,137.9413227250124,155.8011049723757,139.46167883211677,138.0905022376927,154.6961325966851,152.78284671532847,151.86474390850324,162.98342541436466,157.2992700729927,156.539035305818,165.74585635359117,106.70620437956204,107.21034311287917,101.10497237569061,142.4270072992701,142.81452013923422,138.12154696132598,140.7390510948905,139.38339134758826,155.8011049723757,2025-01-21 19:37:26.186649+00:00
2012-06-01,138.94083033671134,138.55527822639849,142.080095636581,141.05263157894737,140.9558067831449,141.84100418410043,139.35926773455378,138.79753340184993,143.93305439330544,148.23798627002287,148.40698869475847,146.86192468619248,154.5995423340961,153.39157245632066,164.43514644351467,106.8649885583524,106.62898252826311,108.7866108786611,135.0572082379863,134.63514902363823,138.49372384937237,147.4141876430206,147.070914696814,150.2092050209205,2025-01-21 19:37:26.186649+00:00
2012-07-01,142.34525493365663,142.5340410800831,141.017316017316,142.52710985384252,143.24178782983307,137.5,145.02593116454503,144.2110931610124,150.75757575757575,147.9019330504479,148.5191168551427,143.56060606060606,162.04620462046205,161.06623586429725,168.93939393939394,111.36256482791137,111.6855142703285,109.0909090909091,142.5742574257426,144.37264404954226,129.92424242424244,144.97878359264496,144.64189553042542,147.34848484848484,2025-01-21 19:37:26.186649+00:00
2012-08-01,142.0151962817736,141.80878552971575,142.6129426129426,139.5116253304701,139.43152454780363,139.74358974358972,140.812611331469,142.0671834625323,137.17948717948718,154.6729117006045,156.43410852713177,149.57264957264957,159.70853757633643,158.19121447028425,164.1025641025641,112.87684351470182,110.3875968992248,120.08547008547009,140.45022699694613,141.13695090439276,138.46153846153845,146.07361752188714,145.01291989664082,149.14529914529913,2025-01-21 19:37:26.186649+00:00
2012-09-01,140.11352579223498,140.46593879747806,139.09297052154196,139.03356094702303,141.55005382131324,131.74603174603175,145.40588195070097,143.32615715823465,151.42857142857144,148.2659763923308,151.66846071044134,138.4126984126984,155.65613108062857,153.4983853606028,161.9047619047619,114.19910927671148,116.36167922497309,107.93650793650794,136.1707662814113,136.3832077502691,135.55555555555554,142.0632546168387,140.47362755651238,146.66666666666669,2025-01-21 19:37:26.186649+00:00
2012-10-01,139.82590379517123,138.3838383838384,144.0019910403186,139.54033029240696,141.04199893673578,135.191637630662,142.7392327144746,138.9686337054758,153.65853658536585,146.11271753233697,146.99627857522594,143.55400696864112,154.89604565207793,151.8341307814992,163.76306620209058,113.1406025054027,112.86549707602339,113.93728222996516,135.98588865680694,133.49282296650716,143.205574912892,146.36650921269248,143.48750664540137,154.70383275261324,2025-01-21 19:37:26.186649+00:00
2012-11-01,132.28805216843017,131.31727319323423,135.09933774834437,133.86474008215237,135.72526909277292,128.47682119205297,133.9263850807789,130.54843669912864,143.7086092715232,143.79116538628674,146.33521271143005,136.42384105960264,153.2957155519711,148.48795489492568,167.21854304635764,95.92628041888489,94.97693490517683,98.67549668874173,129.6093175780732,130.34341363403382,127.48344370860927,135.60276108086413,132.8036904151717,143.7086092715232,2025-01-21 19:37:26.186649+00:00
2012-12-01,141.4259386493761,140.72180451127818,143.46504559270517,137.58573497808737,138.36842105263156,135.31914893617022,148.27625227851416,146.57894736842104,153.1914893617021,152.574710618956,153.68421052631578,149.36170212765958,162.41765749409078,159.57894736842104,170.63829787234042,114.07446764067328,114.52631578947368,112.76595744680851,129.13693900908427,127.73684210526315,133.1914893617021,145.91580852622684,144.57894736842104,149.7872340425532,2025-01-21 19:37:26.186649+00:00
2013-01-01,136.67289452439056,138.54135338345864,131.26201153106982,133.72358530098853,134.68421052631578,130.94170403587444,145.92354227008155,148.0,139.9103139013453,153.70658157535553,158.31578947368422,140.35874439461884,162.40106101747247,159.94736842105263,169.5067264573991,103.94389992731277,107.47368421052632,93.72197309417041,119.62927818990738,120.36842105263159,117.48878923766816,137.38231338961552,141.0,126.90582959641256,2025-01-21 19:37:26.186649+00:00
2013-02-01,135.45321516700173,134.6023564064801,137.91722296395193,130.66235562379103,129.79381443298968,133.17757009345794,139.658162365449,140.9278350515464,135.98130841121494,151.82914853296995,152.78350515463916,149.06542056074767,151.0944857526535,149.53608247422682,155.60747663551402,97.39287589363724,94.0721649484536,107.00934579439252,126.44265525102709,124.27835051546393,132.71028037383178,151.09282274948447,150.82474226804123,151.86915887850466,2025-01-21 19:37:26.186649+00:00
2013-03-01,129.59441850427294,127.9565054368204,134.33766233766235,133.86102870247572,136.01049868766404,127.63636363636363,128.65909868954986,123.98950131233596,142.1818181818182,142.94554925959807,142.20472440944883,145.0909090909091,152.51135333320684,151.1811023622047,156.36363636363637,92.1976547634622,90.13123359580052,98.18181818181819,121.57144770765676,120.10498687664042,125.81818181818181,135.414797073961,132.07349081364828,145.0909090909091,2025-01-21 19:37:26.186649+00:00
2013-04-01,129.12781464048163,128.6527654540077,130.50351288056208,132.49516935112288,133.38509316770185,129.91803278688525,126.75370821378971,130.3312629399586,116.39344262295083,144.10272201521437,144.04761904761904,144.2622950819672,147.9818312695721,145.44513457556937,155.327868852459,95.14203269197787,93.32298136645963,100.40983606557377,121.83681508439845,123.29192546583852,117.62295081967213,135.58242385729602,130.74534161490683,149.59016393442624,2025-01-21 19:37:26.186649+00:00
2013-05-01,128.19458359142283,129.6523517382413,123.97302268546903,131.99174168844897,135.480572597137,121.88841201716738,137.75950785967265,139.9795501022495,131.3304721030043,141.54006745047414,142.84253578732105,137.76824034334763,140.7488496842626,139.11042944785277,145.49356223175965,94.23137288489258,92.5357873210634,99.14163090128756,123.99679632446562,127.0961145194274,115.02145922746782,127.09374924774308,130.52147239263803,117.16738197424893,2025-01-21 19:37:26.186649+00:00
2013-06-01,130.57931503808467,131.4096980255517,128.1746031746032,133.52969085484523,137.7540650406504,121.29629629629629,132.5299964647856,131.4532520325203,135.64814814814815,142.9029283420142,142.53048780487805,143.98148148148147,147.61958374793937,147.91666666666669,146.75925925925927,99.83323683207071,99.13617886178862,101.85185185185185,129.19626102024927,132.72357723577235,118.98148148148148,128.44350800468825,128.35365853658536,128.7037037037037,2025-01-21 19:37:26.186649+00:00
2013-07-01,122.41785347710864,123.28931572629051,119.89417989417989,128.24374131307587,129.0441176470588,125.92592592592592,125.09849326029192,124.68487394957984,126.2962962962963,136.56103426799166,139.33823529411765,128.51851851851853,142.76390516042147,141.54411764705884,146.2962962962963,95.47286047802221,95.95588235294117,94.07407407407408,110.71899540018973,114.5483193277311,99.62962962962963,118.06594445976748,117.90966386554621,118.51851851851852,2025-01-21 19:37:26.186649+00:00
2013-08-01,120.61345231427376,121.91884145421632,116.83316683316683,126.61122755587027,129.039070749736,119.58041958041957,128.1920259850562,131.89017951425555,117.4825174825175,131.04145401611575,132.1013727560718,127.97202797202797,139.90768491123228,137.7507919746568,146.15384615384616,89.81763684390089,88.59556494192186,93.35664335664336,115.17149080631395,120.16895459345301,100.6993006993007,113.55264608142696,113.88595564941922,112.58741258741259,2025-01-21 19:37:26.186649+00:00
2013-09-01,123.88931923383943,126.90721649484537,115.14976958525345,128.34043732001433,131.44329896907217,119.35483870967742,129.37097963673042,133.24742268041237,118.14516129032259,138.11232692125958,140.41237113402062,131.4516129032258,140.35402290625308,142.7319587628866,133.46774193548387,94.45871629126546,95.05154639175258,92.74193548387098,116.34480814686735,123.65979381443299,95.16129032258064,120.2439434144859,121.80412371134021,115.7258064516129,2025-01-21 19:37:26.186649+00:00
2013-10-01,125.34170864191323,126.96703296703298,120.63492063492062,124.6856496105429,127.8974358974359,115.38461538461539,137.35448686422302,139.33333333333331,131.6239316239316,141.45894441640422,142.05128205128204,139.74358974358975,140.67324044391685,140.25641025641028,141.88034188034186,94.22923722306308,92.97435897435898,97.86324786324786,123.52181972617574,128.1025641025641,110.25641025641026,115.46858220906677,118.15384615384616,107.6923076923077,2025-01-21 19:37:26.186649+00:00
2013-11-01,125.28751924588846,127.02964397437809,120.24248813916711,131.7650400881251,135.08863399374349,122.14022140221402,129.08226025954738,130.96976016684047,123.61623616236162,139.6363072151811,143.63920750782063,128.04428044280442,140.53117613534295,139.36392075078209,143.91143911439116,96.21972185107109,98.22732012513035,90.4059040590406,126.843661966895,131.9082377476538,112.17712177121771,112.93446720505676,110.0104275286757,121.40221402214021,2025-01-21 19:37:26.186649+00:00
2013-12-01,125.29110278115705,127.45796091501286,119.01608325449385,134.1407831639121,135.52492046659597,130.13245033112582,133.23429492218085,134.30540827147402,130.13245033112582,144.01890856225734,144.69777306468717,142.05298013245033,132.53344090209816,133.93425238600213,128.47682119205297,96.06699877691229,98.93955461293743,87.74834437086092,126.95849161701403,132.6086956521739,110.59602649006622,110.08480152372452,112.1951219512195,103.97350993377484,2025-01-21 19:37:26.186649+00:00
2014-01-01,124.77372509275122,126.70517662741614,119.18042117245305,130.6255865427244,131.57076205287714,127.88844621513944,135.77579994058215,138.3618455158113,128.28685258964143,148.49347220710925,148.72991187143597,147.80876494023903,136.86364020241643,138.72472783825816,131.47410358565736,98.63501630549942,100.77760497667185,92.43027888446215,129.65335946524786,134.94038361845514,114.34262948207171,93.36920098567907,93.83100051840331,92.03187250996015,2025-01-21 19:37:26.186649+00:00
2014-02-01,125.35489454872429,126.78295429454627,121.21936640765091,130.51772882326475,131.3755795981453,128.03347280334728,138.9645423534705,137.2488408037094,143.93305439330544,144.1469084218656,146.67697063369397,136.82008368200837,134.24329093834933,133.6424523441525,135.98326359832635,90.52089403936444,91.29314786192684,88.28451882845188,118.20630367732056,124.05976300875837,101.25523012552301,120.88459358743486,123.1839258114374,114.22594142259415,2025-01-21 19:37:26.186649+00:00
2014-03-01,122.90696566467413,121.92181220314214,125.75987841945289,129.56171582486334,129.66751918158567,129.25531914893617,137.60671920414097,136.26598465473145,141.48936170212767,135.1560611026262,135.9079283887468,132.97872340425533,135.0091596238079,134.42455242966753,136.70212765957447,95.0917694631425,91.56010230179028,105.31914893617021,118.70830654633241,122.0460358056266,109.04255319148936,109.21502788780576,103.58056265984655,125.53191489361703,2025-01-21 19:37:26.186649+00:00
2014-04-01,119.6860250863243,120.47789028921105,117.39285714285714,129.54914487275616,131.8969913309536,122.75,127.5461387072862,128.68434472208057,124.25,134.477407052584,136.28250892401837,129.25,133.79272037688452,133.37582865884752,135.0,91.79025196410655,90.33656297807241,96.0,115.5091817742273,120.34676185619583,101.5,105.13733085642554,102.42223355430903,113.0,2025-01-21 19:37:26.186649+00:00
2014-05-01,113.6199659514789,115.58608529552217,107.92626728110599,127.74475209952658,130.4191308819748,120.0,115.35115159613241,115.45384417588069,115.05376344086022,129.9021281821626,131.91051684237593,124.08602150537635,132.5310677778075,134.4818719465158,126.88172043010752,86.41997427433822,86.70609411159681,85.59139784946237,107.98800964390406,114.01388531756236,90.53763440860214,95.40267808648095,96.11725379274878,93.33333333333333,2025-01-21 19:37:26.186649+00:00
2014-06-01,110.82011013779496,112.61461106181603,105.62340244248794,125.88649860576892,128.23498964803312,119.0854870775348,111.95783010020985,110.86956521739131,115.10934393638172,126.8568711579767,128.44202898550725,122.26640159045726,133.68522345884685,137.4223602484472,122.86282306163022,86.01478885901408,86.12836438923395,85.68588469184891,103.84938973985584,108.9544513457557,89.06560636182903,87.49016904289255,88.25051759834369,85.2882703777336,2025-01-21 19:37:26.186649+00:00
2014-07-01,109.47154758968067,111.59217362467298,103.33041191936898,126.20971331705182,128.2692803714212,120.24539877300614,111.99232232304132,114.65050296621098,104.29447852760737,124.63943360234694,126.72169202992004,118.60940695296523,129.427898329395,131.75135413979882,122.69938650306749,86.1582273763306,85.96853237038948,86.70756646216769,100.88778452893786,105.8550425586794,86.50306748466258,86.98545365066111,87.92881093629094,84.25357873210635,2025-01-21 19:37:26.186649+00:00
2014-08-01,107.92248664763584,110.37344398340247,100.82474226804125,125.99548829764572,127.56742738589212,121.44329896907216,112.57805349301316,116.77904564315352,100.41237113402062,121.00906664868901,122.0695020746888,117.93814432989691,123.31915813857664,126.53008298755186,114.02061855670102,83.32334660302269,83.68775933609959,82.26804123711341,98.3317085378764,104.87551867219916,79.38144329896907,90.90058481462727,91.10477178423236,90.30927835051546,2025-01-21 19:37:26.186649+00:00
2014-09-01,109.40440443545377,111.88746385944103,102.21369539551357,127.06869700814102,129.70939283860923,119.42148760330579,115.08692581815643,116.65801764400624,110.53719008264463,123.0520519602369,122.80747275557863,123.7603305785124,121.90008397801216,126.18059159314997,109.50413223140495,82.94610047357396,84.12039439543332,79.54545454545455,102.33915030787395,110.06746237675142,79.95867768595042,93.43782150218192,93.66891541255838,92.76859504132231,2025-01-21 19:37:26.186649+00:00
2014-10-01,110.07135919647878,111.61924623864145,105.58882235528941,128.5290115592547,130.1094890510949,123.95209580838323,117.61624504013005,116.94473409801877,119.56087824351297,123.39559878735143,122.44525547445255,126.14770459081836,123.12604854259322,125.3910323253389,116.56686626746507,83.25574182430901,84.22836287799791,80.43912175648703,106.50506785051955,113.92075078206466,85.02994011976048,88.07180077119347,88.29509906152242,87.42514970059881,2025-01-21 19:37:26.186649+00:00
2014-11-01,109.10139041698638,110.93726772707002,103.78486055776894,127.04538675537911,130.1248699271592,118.12749003984064,119.31479746461181,119.3808532778356,119.12350597609563,121.55660475005102,122.19042663891778,119.7211155378486,125.38702990290878,126.58688865764829,121.91235059760956,83.12856453041444,83.97502601456816,80.67729083665338,104.9927398708827,111.39438085327784,86.45418326693228,82.28460964465673,82.90842872008324,80.4780876494024,2025-01-21 19:37:26.186649+00:00
2014-12-01,108.65693764072931,110.91017119090942,102.13178294573643,125.31028113754351,129.63348063426045,112.7906976744186,117.97282419771929,120.43150506888485,110.85271317829458,121.99058429230544,124.09669872628022,115.89147286821705,126.63693003700641,126.33220691447882,127.51937984496124,83.75876156481867,84.03951130751234,82.94573643410853,100.59651401913155,106.75851312711204,82.75193798449612,84.33266823658023,85.07928255783727,82.17054263565892,2025-01-21 19:37:26.186649+00:00
2015-01-01,108.63567113366082,109.31029346044988,106.68202764976958,121.73567098335113,122.83628779979145,118.54838709677419,115.75734446238533,118.06569343065694,109.07258064516128,130.3575572839497,129.56204379562044,132.66129032258064,124.94301702398832,123.87904066736183,128.0241935483871,87.33644085166799,86.2356621480709,90.5241935483871,96.8487173500804,100.91240875912408,85.08064516129032,83.47094998020295,83.68091762252347,82.86290322580646,2025-01-21 19:37:26.186649+00:00
2015-02-01,108.18741238252834,108.16537467700259,108.2512315270936,121.92027399310402,122.19638242894057,121.12068965517241,118.09489441639936,119.43152454780362,114.22413793103448,131.0077552719889,128.91472868217053,137.0689655172414,123.65897246502047,122.37726098191214,127.37068965517241,85.34942760257087,82.29974160206719,94.18103448275862,94.5180904929068,98.57881136950904,82.75862068965517,82.7624724357079,83.35917312661499,81.0344827586207,2025-01-21 19:37:26.186649+00:00
2015-03-01,105.65522628630147,106.34920634920634,103.64552459988144,125.55527105438622,127.9320987654321,118.67219917012449,119.37748650640893,121.91358024691357,112.03319502074689,121.22486308473474,120.60185185185185,123.02904564315352,122.8675754263285,121.45061728395062,126.97095435684648,77.06650560704661,73.30246913580247,87.96680497925311,91.21171340048049,97.63374485596708,72.61410788381743,82.28316892472485,81.61008230452674,84.23236514522821,2025-01-21 19:37:26.186649+00:00
2015-04-01,100.11253760242786,103.44011245098766,90.47619047619047,120.88956010721802,124.90937338166754,109.2485549132948,113.63275536933513,119.00569653029518,98.07321772639692,115.21754283817208,117.94407042982911,107.32177263969172,115.27478289451648,117.08959088555153,110.01926782273603,72.99581860977091,72.78612118073536,73.60308285163777,85.33809850064213,93.44899016053859,61.84971098265896,77.4392048973404,78.89694458829622,73.21772639691716,2025-01-21 19:37:26.186649+00:00
2015-05-01,89.93477807448114,93.5405987668078,79.49265687583446,111.1244486942273,115.28861154446177,99.06542056074767,107.38451790907679,112.06448257930316,93.83177570093457,106.19671808850276,108.78835153406136,98.69158878504672,100.55953252147029,104.23816952678106,89.90654205607477,63.94045592605463,65.23660946437857,60.18691588785047,73.76427177155094,81.3572542901716,51.77570093457944,66.57350161048524,67.81071242849714,62.990654205607484,2025-01-21 19:37:26.186649+00:00
2015-06-01,81.70580513353265,84.3902257596608,73.93197278911565,106.04295800522249,109.97136162457693,94.66666666666666,103.39578385694145,105.88388440510283,96.19047619047619,97.67667992283643,98.25566258786773,96.0,87.36482505679459,91.48659203332465,75.42857142857143,56.22482991491119,57.35485550637855,52.952380952380956,64.92818584600653,72.2207758396251,43.80952380952382,56.30737333201583,55.558448320749804,58.47619047619047,2025-01-21 19:37:26.186649+00:00
2015-07-01,75.59054276052107,77.79676760170908,69.20152091254752,101.87488891597206,105.27958387516256,92.01520912547528,95.72165484586372,97.7893368010403,89.73384030418251,90.30039694052833,90.29908972691807,90.30418250950571,80.1143545332132,83.09492847854357,71.48288973384031,53.20960149470157,54.25227568270481,50.19011406844106,58.08813222354664,65.27958387516254,37.26235741444867,49.82477036982198,48.582574772431734,53.42205323193917,2025-01-21 19:37:26.186649+00:00
2015-08-01,70.00118934870815,70.73402544231612,67.87896421297644,96.81028491840986,98.02968270214944,93.27902240325867,90.23025749924571,91.7093142272262,85.94704684317719,84.04813098552859,82.26714431934494,89.20570264765784,76.68979306100974,78.55680655066531,71.28309572301427,47.88207925933187,48.31115660184238,46.639511201629325,49.980763389284434,55.143295803480044,35.03054989816701,44.3670163281469,41.1207778915046,53.76782077393076,2025-01-21 19:37:26.186649+00:00
2015-09-01,69.77780712169647,70.2810364360633,68.32050185343599,96.14732913750832,97.16039907904835,93.21357285429141,93.60939809265177,96.57201330263496,85.02994011976048,83.41643042714716,81.27398311588642,89.62075848303392,74.01772203551755,75.10872345868508,70.85828343313372,46.3905384627974,46.763878229726274,45.309381237524946,49.80873256589324,54.46405730365822,36.32734530938123,45.05449913035983,40.624200562803786,57.88423153692614,2025-01-21 19:37:26.186649+00:00
2015-10-01,68.06289197845629,68.98660027824558,65.38791869453192,94.33620266082688,97.15530497180933,86.17234468937876,94.39527044236243,97.02716555612506,86.77354709418839,80.91180988543395,79.85648385443363,83.96793587174349,70.32930028692799,71.50179395181958,66.93386773547094,44.383117507250724,43.516145566376224,46.893787575150306,48.21179472623128,53.511019989748846,32.86573146292585,43.87274834016087,40.33828805740645,54.10821643286573,2025-01-21 19:37:26.186649+00:00
2015-11-01,65.34890020467364,67.11569519894289,60.23242630385487,91.04922187639511,95.01541623843782,79.56349206349208,91.30381388641808,92.34326824254882,88.2936507936508,77.21543443113929,77.36382322713257,76.78571428571429,69.98987722040943,73.32990750256937,60.31746031746032,41.17009598664633,40.7245632065776,42.46031746031746,45.44831140319371,52.44090441932168,25.19841269841268,41.26554662851356,38.59198355601232,49.00793650793651,2025-01-21 19:37:26.186649+00:00
2015-12-01,66.02025062989206,68.17327188940092,59.785301403798506,90.11871360979853,94.89032258064516,76.30057803468208,93.31003054498119,94.19354838709677,90.75144508670519,79.25099526829766,78.60645161290323,81.11753371868978,71.17377195189356,75.45806451612903,58.76685934489403,40.43488331206016,41.29032258064515,37.957610789980734,46.20986640142158,54.116129032258065,23.314065510597302,41.64349332079184,38.65806451612904,50.28901734104047,2025-01-21 19:37:26.186649+00:00
2016-01-01,68.50643942203436,69.43695717280623,65.81174660169275,93.07753004064631,96.51467505241091,83.12387791741472,98.24931676322444,99.31865828092243,95.15260323159785,82.87899255735027,80.68658280922432,89.22800718132854,71.24078346180715,73.58490566037736,64.45242369838421,42.81299523302428,41.85010482180293,45.601436265709154,49.56996105764182,54.35010482180293,35.72710951526034,41.71549684054628,39.75366876310272,47.39676840215439,2025-01-21 19:37:26.186649+00:00
2016-02-01,71.33244893628739,71.5999542979015,70.55777830077666,96.58308193426174,98.13383097840575,92.09225700164745,104.46511466760407,107.1447613969608,96.70510708401977,86.94973292155574,84.37749933351105,94.3986820428336,68.78261963356826,69.6081045054652,66.39209225700165,43.74653858222887,41.61556918155158,49.9176276771005,52.34643538332412,55.74513463076512,42.50411861614498,46.45361943146893,44.57478005865103,51.894563426688634,2025-01-21 19:37:26.186649+00:00
2016-03-01,70.55326971712135,71.79157528548741,66.9672520170859,95.86121009178498,97.64425622022235,90.69767441860465,103.16046704435233,108.49655902593965,87.70764119601328,86.46309800882193,85.23028057173107,90.03322259136212,68.47568535415458,69.00476442562203,66.9435215946844,41.21155058826516,40.127051349920585,44.35215946843853,52.2586540308699,57.57014293276866,36.87707641196013,46.44222290160054,44.46797247220752,52.1594684385382,2025-01-21 19:37:26.186649+00:00
2016-04-01,66.68144689172593,67.82780874156644,63.361689645057204,91.85965114478549,94.22484599589322,85.01026694045174,96.68474358411942,101.28336755646816,83.36755646817248,80.77733457963419,79.95379876796714,83.16221765913758,67.69073069973633,68.94250513347022,64.06570841889116,38.58843886108846,37.44866529774128,41.889117043121146,50.08189573711819,54.82546201232034,36.34496919917865,41.08733363559941,38.116016427104725,49.691991786447645,2025-01-21 19:37:26.186649+00:00
2016-05-01,63.53328672724741,64.23230309072781,61.50900038299502,87.40938310058431,90.0049850448654,79.89276139410188,96.1833934648059,98.10568295114656,90.6166219839142,73.02153643772618,72.40777666999003,74.79892761394102,64.52811522026983,66.99900299102691,57.37265415549598,35.22841119024797,34.895314057826525,36.19302949061662,48.46227128188313,51.49551345962114,39.678284182305624,39.899896395214576,35.71784646061815,52.010723860589806,2025-01-21 19:37:26.186649+00:00
2016-06-01,62.970393004268715,63.53346456692913,61.339790153349476,87.55862214916823,90.87106299212599,77.96610169491525,97.58305560240585,99.08956692913387,93.22033898305085,69.60793480775561,68.28248031496062,73.44632768361582,62.25911900728353,64.44389763779527,55.9322033898305,35.19721021149893,34.670275590551185,36.7231638418079,50.3690685132388,53.71555118110237,40.67796610169491,38.21774073853006,33.66141732283464,51.41242937853107,2025-01-21 19:37:26.186649+00:00
2016-07-01,65.02682472649578,64.53735965931088,66.44427001569859,91.6412436611188,94.82631189948263,82.41758241758242,101.2078175528531,100.96082779009609,101.92307692307693,71.97486262186055,69.6969696969697,78.57142857142857,62.15000646345039,63.784183296378416,57.41758241758241,36.8602638367209,34.220251293422024,44.505494505494504,52.69818175981729,55.43237250554324,44.78021978021978,38.65539718964945,32.84060113328405,55.4945054945055,2025-01-21 19:37:26.186649+00:00
2016-08-01,66.31639207503201,66.05840727037608,67.06349206349206,92.81967179786861,95.77571033442293,84.25925925925927,102.92044030048596,103.36937389992457,101.62037037037037,74.36802762426368,72.39124968569273,80.0925925925926,64.48623497741721,64.77244153884838,63.657407407407405,36.27301172192138,33.291425697762136,44.907407407407405,53.383455240816886,56.55016343977873,44.212962962962955,39.96390286245035,36.25848629620317,50.69444444444445,2025-01-21 19:37:26.186649+00:00
2016-09-01,69.89616063382509,69.40309189808188,71.32404181184668,93.52808336159684,94.91482965931864,89.51219512195121,106.88054331361593,107.74048096192385,104.39024390243902,78.20582300282314,75.90180360721443,84.8780487804878,67.37091354683524,67.81062124248497,66.09756097560975,39.07021010262086,36.22244488977955,47.31707317073171,59.63824864271065,62.124248496993985,52.4390243902439,44.579302466572976,41.107214428857716,54.63414634146342,2025-01-21 19:37:26.186649+00:00
2016-10-01,73.50903113309423,72.27143933144436,77.09298183113643,97.37384533044144,96.81144865679136,99.00249376558602,109.26767231461528,110.74566909364799,104.98753117206982,81.46709843797757,79.28696962088878,87.78054862842893,69.734438524193,70.65026362038665,67.08229426433915,40.6217487041509,38.89028370574943,45.6359102244389,68.06319914987418,67.11021842832037,70.82294264339151,48.03521547040713,42.40522219432587,64.33915211970076,2025-01-21 19:37:26.186649+00:00
2016-11-01,73.89736198716514,73.47718506658904,75.11415525114155,98.61877589014892,98.9302088639837,97.71689497716895,108.0899097012123,108.99133978604178,105.47945205479452,82.40830127600594,80.59093224656138,87.67123287671232,68.29313481292436,71.14111054508405,60.04566210045661,42.43841915141263,41.79826795720835,44.29223744292237,68.89898554206601,68.64493122771269,69.63470319634703,48.534007536385815,44.243504839531326,60.95890410958904,2025-01-21 19:37:26.186649+00:00
2016-12-01,75.64126445211342,74.92793285896735,77.70700636942675,99.05949431197303,100.12771392081737,95.96602972399151,110.23219910452534,108.63346104725414,114.86199575371549,82.79587332909323,80.74074074074075,88.74734607218684,68.37687895947008,70.1404853128991,63.26963906581741,45.753902007788355,45.05747126436782,47.77070063694268,68.68836841365305,69.09323116219667,67.51592356687898,54.58213503829083,50.702426564495525,65.81740976645435,2025-01-21 19:37:26.186649+00:00
2017-01-01,75.9450876636961,75.02285275512817,78.61579414374445,99.3681427502951,101.15177885845918,94.20289855072463,109.63358583024456,108.241617609419,113.66459627329192,82.51818126073758,79.98464294855387,89.85507246376812,69.08072019875527,69.413872536473,68.11594202898551,47.747827084555055,46.147939595597656,52.38095238095238,67.26142483036375,68.82518556437165,62.732919254658384,56.00573169092138,51.39493217302278,69.35817805383023,2025-01-21 19:37:26.186649+00:00
2017-02-01,77.61212608915086,77.09460447433834,79.11082052958484,101.00256807593303,103.40327533265096,94.05034324942791,110.74479532224566,111.8474923234391,107.55148741418765,84.79603575810111,82.54861821903788,91.30434782608695,70.73911934474698,72.6458546571136,65.21739130434781,49.834037064672806,47.28761514841351,57.20823798627002,69.2051617457075,70.2661207778915,66.13272311212815,56.96316531264902,51.6632548618219,72.3112128146453,2025-01-21 19:37:26.186649+00:00
2017-03-01,78.7418148262254,78.2430002568713,80.18633540372672,101.72008459721461,103.36501412792191,96.95652173913044,112.88928175787291,114.48754174158746,108.26086956521738,88.1505057827916,86.38582070382738,93.26086956521739,72.7770565283851,74.2614949910095,68.47826086956522,45.989486108630395,44.079116362702294,51.52173913043479,73.94737351347425,74.18443359876701,73.26086956521739,55.718915495208805,50.93758027228359,69.56521739130436,2025-01-21 19:37:26.186649+00:00
2017-04-01,78.27628434691812,77.2994632747592,81.10506727741196,101.56385469462843,101.82707153885744,100.80160320641282,110.22449604780465,110.0874935666495,110.62124248496994,89.46969208704289,86.3870303654143,98.39679358717434,74.63405048666299,75.42460113226969,72.34468937875752,45.97364135153412,43.02624806999485,54.50901803607215,75.58322176052417,76.8399382398353,71.9438877755511,50.48503400022952,47.50386001029335,59.118236472945895,2025-01-21 19:37:26.186649+00:00
2017-05-01,78.62015216853038,76.39274747770142,85.07050889025138,102.79565281731244,101.61207778915046,106.22317596566523,107.82462168125662,106.52507676560901,111.58798283261802,88.98834281653146,84.51893551688843,101.931330472103,75.7218201308861,74.15557830092118,80.25751072961373,48.362322502519945,44.165813715455485,60.51502145922747,74.93561903977158,74.2835209825998,76.82403433476395,51.712686191434514,49.48822927328558,58.15450643776825,2025-01-21 19:37:26.186649+00:00
2017-06-01,77.71095318659388,75.0180923433203,85.50922761449077,100.92283007682984,99.34143870314084,105.50239234449761,103.72584082440622,102.20364741641336,108.13397129186603,87.15280669703648,83.45997973657548,97.8468899521531,75.16795969624548,71.30192502532928,86.36363636363636,50.19866300267854,46.30192502532928,61.483253588516746,73.95200102207906,72.06180344478216,79.42583732057416,52.85657098688158,50.45592705167173,59.80861244019138,2025-01-21 19:37:26.186649+00:00
2017-07-01,78.18315983984895,76.46182359995639,83.1679894179894,100.92100012273781,100.27982701602646,102.77777777777777,100.65106571376714,101.19562452302213,99.07407407407408,88.16041492029828,85.83057746120579,94.9074074074074,75.6783480415251,73.59450521495802,81.71296296296296,52.29408869088169,48.68990078860341,62.73148148148148,74.36858034232569,74.23047570592723,74.76851851851852,55.20862104740697,51.41185448995166,66.20370370370371,2025-01-21 19:37:26.186649+00:00
2017-08-01,78.90900756577791,77.75525995799403,82.25015328019619,99.99512754434832,99.84524116584988,100.42918454935622,103.75475206421845,103.79159143667785,103.6480686695279,91.20985467765466,89.0637090533918,97.42489270386267,76.64675004781566,75.54810420428166,79.8283261802575,50.65531201949928,48.362135671911275,57.2961373390558,74.21098430818498,75.16120711890638,71.45922746781116,55.89027229872407,52.51483105493938,65.6652360515021,2025-01-21 19:37:26.186649+00:00
2017-09-01,78.95819474875589,77.15972425931359,84.16639793614964,101.72767633451416,101.15503080082135,103.38600451467269,102.73316435079843,101.02669404517454,107.67494356659142,89.7679890792112,86.85831622176592,98.19413092550789,77.14419500116506,75.4876796714579,81.941309255079,51.22736138029531,49.89733059548254,55.07900677200903,75.56563101131519,74.9229979466119,77.42663656884875,54.54134608399194,50.7700205338809,65.4627539503386,2025-01-21 19:37:26.186649+00:00
2017-10-01,80.2947011146301,78.48059875018167,85.54817275747509,103.0704238451311,103.40793489318413,102.09302325581396,101.6396502801152,101.32248219735504,102.55813953488371,89.83344712653614,86.72431332655137,98.83720930232559,78.23650928583189,77.46693794506612,80.46511627906978,52.18079502605997,50.20345879959309,57.906976744186046,81.54458209499177,78.86571719226856,89.30232558139535,55.55750014374453,51.37334689725331,67.67441860465117,2025-01-21 19:37:26.186649+00:00
2017-11-01,82.56231280048053,80.27487910409775,89.18650793650795,102.47244907657759,102.36701450750827,102.77777777777777,106.13559204866456,104.09773479256808,112.03703703703704,92.5347493803012,89.15754644947825,102.31481481481481,80.01406679181632,79.02774242809875,82.87037037037038,53.13223495849981,51.33621786714177,58.33333333333334,86.64893267884116,82.4382794604225,98.8425925925926,56.998164668663016,53.49961822346654,67.12962962962963,2025-01-21 19:37:26.186649+00:00
2017-12-01,85.0830356013839,81.96537235583888,94.11149825783971,104.2064736785824,102.20588235294117,110.0,108.75349948561991,105.37525354969574,118.53658536585365,92.96012946296769,89.0973630831643,104.14634146341463,82.84376718489752,79.61460446247463,92.1951219512195,55.40054465187554,53.980730223123736,59.51219512195122,87.63645651642827,83.36713995943205,100.0,63.78037822931593,60.116632860040575,74.39024390243902,2025-01-21 19:37:26.186649+00:00
2018-01-01,89.35202135060156,86.62915229624252,97.23719676549867,107.24024353973807,104.85387547649302,114.15094339622641,111.89922833810405,110.47013977128336,116.0377358490566,98.46145018257319,95.32401524777637,107.54716981132076,86.91860971797183,84.19313850063533,94.81132075471699,60.220179150271925,57.966963151207125,66.74528301886792,91.892783430534,88.76747141041932,100.9433962264151,68.83165509501782,64.8284625158831,80.4245283018868,2025-01-21 19:37:26.186649+00:00
2018-02-01,94.27936065585789,90.88826673453806,104.09965310627562,112.38315188956759,109.64622041231866,120.30905077262693,116.80864679408695,114.3802494273352,123.84105960264901,104.89582547621822,103.23237465003818,109.71302428256071,90.93732050212509,87.35047085772462,101.32450331125827,63.82055778957927,61.236955968439815,71.30242825607064,96.49681310897479,92.69534232629167,107.50551876379691,74.6132090304533,67.67625349961823,94.7019867549669,2025-01-21 19:37:26.186649+00:00
2018-03-01,95.0987900273151,90.8429548662637,107.42329264269218,113.48342939444015,111.67975677729922,118.70669745958429,116.89595710583359,112.92120597922472,128.40646651270208,106.0420174161263,103.9016974917659,112.24018475750577,94.57514257207491,88.95363567266278,110.85450346420323,62.4530916193164,59.05751203445655,72.28637413394918,95.6075108770506,90.98049151254116,109.00692840646651,76.63438120636388,68.40638459589562,100.46189376443418,2025-01-21 19:37:26.186649+00:00
2018-04-01,92.86418926847001,89.19772125258535,103.48193947282786,112.02868318954329,111.2268224536449,114.3507972665148,114.60069838934172,112.87782575565151,119.58997722095671,103.14576679499521,99.66979933959868,113.21184510250569,93.97050456698426,88.11277622555245,110.93394077448747,61.71231510317128,58.166116332232676,71.98177676537586,96.49559062553874,92.53238506477012,107.97266514806378,68.09576620971569,61.798323596647194,86.33257403189066,2025-01-21 19:37:26.186649+00:00
2018-05-01,91.81329775616211,88.55103601471178,101.26050420168067,111.72691903013849,110.55314810094316,115.12605042016807,114.31262140152351,115.19245475401479,111.76470588235294,99.75936401803975,96.99209788427224,107.77310924369748,91.91494315112064,85.49579403517716,110.50420168067227,61.95925989706,58.399184297731324,72.26890756302521,98.51746712153516,93.6528167218965,112.60504201680672,64.5025096737173,59.57175630894723,78.78151260504202,2025-01-21 19:37:26.186649+00:00
2018-06-01,89.72271432927893,86.34174813950095,99.51367781155015,110.68257492518069,108.86108273748724,115.95744680851064,111.97999764196673,111.414708886619,113.61702127659575,99.98931166717216,97.85495403472932,106.17021276595744,91.00698798686035,84.44841675178753,110.0,61.22967438664513,57.099080694586306,73.19148936170214,92.6763982502608,88.45760980592442,104.8936170212766,60.49405544686669,56.256384065372835,72.76595744680851,2025-01-21 19:37:26.186649+00:00
2018-07-01,86.24290812753485,83.42914994395632,94.39129000329922,108.41809578516533,106.85902303214377,112.93302540415704,109.39427820836178,109.28878764869654,109.69976905311779,97.3327231411458,94.17868893950899,106.46651270207852,88.01899439241954,82.20703619336876,104.8498845265589,59.052054059082856,55.758035940268286,68.59122401847576,85.39511020580225,84.7380410022779,87.29792147806003,56.089101100766364,50.97443685143001,70.90069284064666,2025-01-21 19:37:26.186649+00:00
2018-08-01,86.53427198640813,83.7454677302393,94.6103896103896,108.76849521271484,108.57868020304568,109.31818181818181,109.53330974221748,110.0,108.18181818181819,94.42660430731765,90.30456852791878,106.36363636363636,87.7271812578561,82.23350253807106,103.63636363636364,60.236103976315704,56.4720812182741,71.13636363636363,85.74993538238137,84.51776649746192,89.31818181818181,59.298274026053775,54.111675126903556,74.31818181818181,2025-01-21 19:37:26.186649+00:00
2018-09-01,87.49966148947324,85.15832106038292,94.27996550732969,110.17625857087648,110.07731958762886,110.46277665995976,111.8130439721086,111.23711340206185,113.48088531187122,95.58301270397617,91.41752577319588,107.64587525150905,85.63162058740772,82.2680412371134,95.37223340040241,60.26807913435921,55.92783505154639,72.83702213279679,88.30030051421502,87.5257731958763,90.54325955734406,60.725314943369405,57.65463917525773,69.61770623742454,2025-01-21 19:37:26.186649+00:00
2018-10-01,87.50534602043184,85.79089449875967,92.47023809523809,110.08331300623423,109.32073544433095,112.29166666666666,115.47878352717366,114.70888661899897,117.70833333333334,97.92650246927374,93.18181818181819,111.66666666666666,84.70326827517042,82.2267620020429,91.875,58.987068447727566,55.975485188968335,67.70833333333333,88.78146569029258,90.01532175689479,85.20833333333333,56.5770207271507,55.107252298263546,60.833333333333336,2025-01-21 19:37:26.186649+00:00
2018-11-01,89.3145526484481,87.28342595619485,95.19650655021834,110.00357342283414,109.76353928299008,110.69868995633189,117.60296973925423,115.84032545130944,122.70742358078601,97.84852493390807,93.10958555809815,111.57205240174672,88.23539072165299,85.30383930841597,96.72489082969432,60.41505594775492,58.73379099923722,65.28384279475982,92.70420769155228,92.29595728451564,93.88646288209608,58.392146082180005,55.936943808797345,65.50218340611355,2025-01-21 19:37:26.186649+00:00
2018-12-01,94.8152787054883,91.96336996336994,103.07414104882459,114.57404823325767,113.48717948717949,117.72151898734177,123.09871194918091,120.94871794871796,129.32489451476795,100.99010932003723,97.17948717948718,112.0253164556962,91.31009732214483,89.25641025641025,97.25738396624473,62.60969244329833,59.8974358974359,70.46413502109705,100.9129718338146,97.51282051282051,110.75949367088607,70.21131983668451,65.46153846153847,83.96624472573839,2025-01-21 19:37:26.186649+00:00
2019-01-01,101.03984694821955,97.49680715197955,111.30016051364365,120.38815630828896,117.57343550446998,128.53932584269663,127.5765849888563,126.00255427841634,132.13483146067415,107.70253771627806,102.83524904214559,121.79775280898876,97.0977255115944,93.76756066411238,106.74157303370787,68.8104756660338,65.64495530012772,77.97752808988764,108.6686835496044,104.36781609195401,121.12359550561797,77.03476489688092,72.28607918263091,90.78651685393258,2025-01-21 19:37:26.186649+00:00
2019-02-01,104.32305205991098,99.73477692195902,117.61026991441737,123.69245283461963,119.93896236012208,134.56221198156683,126.01040312944995,123.29603255340794,133.8709677419355,110.52072337556183,105.16276703967446,126.036866359447,102.25548034310115,96.0325534079349,120.27649769585253,71.79419300465729,68.26042726347914,82.02764976958525,113.79224693659283,108.2909460834181,129.72350230414747,82.19586479539414,77.1617497456765,96.77419354838709,2025-01-21 19:37:26.186649+00:00
2019-03-01,103.4662290947161,98.69734025182335,117.27648743238943,122.44580923177244,119.58343916687834,130.7349665924276,123.85662864242119,119.48183896367793,136.52561247216033,113.13878646182756,109.67741935483872,123.16258351893096,101.89707591788323,95.70739141478282,119.82182628062361,69.00511142257407,65.60833121666244,78.84187082405344,112.1114083480888,106.68021336042673,127.83964365256125,81.80878363844525,74.14274828549657,104.0089086859688,2025-01-21 19:37:26.186649+00:00
2019-04-01,99.83350218169845,95.03451266669076,113.73092926490985,119.03578654674354,115.8866683531495,128.15533980582524,121.17716366089773,118.26460915760183,129.61165048543688,113.10892537316282,108.499873513787,126.45631067961165,99.35786832256025,94.3587149000759,113.83495145631068,67.68314091066435,63.64786238300025,79.36893203883494,104.25753786755931,100.53124209461168,115.04854368932038,74.2140925903011,64.05261826460915,103.64077669902913,2025-01-21 19:37:26.186649+00:00
2019-05-01,97.993054251685,93.58019281332166,110.77229035465696,119.03124150976564,115.10736196319019,130.39443155452437,119.68298462393705,118.78834355828221,122.2737819025522,111.24196014011687,105.18916155419222,128.77030162412993,99.17691038662784,91.92229038854805,120.18561484918793,68.57350433871895,63.65030674846626,82.83062645011601,97.51341619990303,96.57464212678937,100.23201856148492,70.73136256272561,63.82924335378323,90.71925754060325,2025-01-21 19:37:26.186649+00:00
2019-06-01,94.52986349951084,91.91549191549191,102.10084033613445,116.86298602797225,114.63351463351464,123.31932773109244,114.54012988661296,115.64361564361565,111.34453781512605,108.3187359617132,103.93680393680393,121.00840336134453,97.89162003062154,90.77959077959078,118.48739495798318,66.58018651527006,63.45506345506346,75.63025210084034,93.1570314523303,93.91349391349391,90.96638655462185,64.35835462205551,61.04636104636105,73.94957983193277,2025-01-21 19:37:26.186649+00:00
2019-07-01,91.46467737847688,89.82119815668203,96.22404027690372,113.96783014004212,113.23870967741935,116.07929515418502,112.26666692983008,114.29677419354839,106.38766519823788,105.92230676193446,103.2516129032258,113.65638766519824,92.91156392483413,88.25806451612904,106.3876651982379,63.91380603523321,61.26451612903226,71.58590308370044,89.61019989140104,90.89032258064516,85.90308370044053,61.66036796606312,57.548387096774206,73.568281938326,2025-01-21 19:37:26.186649+00:00
2019-08-01,93.47315503213645,91.25297237973294,99.90259740259741,115.69011307040782,113.4955185659411,122.04545454545455,113.72817657727782,113.36747759282972,114.77272727272728,109.14753532195991,105.55697823303457,119.54545454545455,93.84067708050574,89.98719590268885,105.0,64.43166545594553,61.331626120358514,73.4090909090909,94.1438256120664,95.3393085787452,90.68181818181817,63.330092106791795,59.69270166453265,73.86363636363637,2025-01-21 19:37:26.186649+00:00
2019-09-01,95.97592608627163,92.7306886335718,105.37383177570094,117.76971516613588,112.7718765806778,132.2429906542056,116.08785607813405,113.25240263024784,124.29906542056074,111.6691163348232,106.90440060698027,125.46728971962617,97.50128818358903,94.05665149215983,107.47663551401868,66.4253138722426,63.302984319676284,75.46728971962617,95.98518453979192,96.53515427415275,94.39252336448598,66.39300842918456,62.29135053110774,78.27102803738318,2025-01-21 19:37:26.186649+00:00
2019-10-01,95.13397783585437,91.83983231542048,104.67351673848194,114.5739408625116,111.43435365545156,123.66589327146171,114.96238429381702,113.5593220338983,119.02552204176334,110.84447253710657,106.5772830761447,123.20185614849188,95.83510410185283,92.71439413103971,104.8723897911833,67.09225408575512,63.42018719959523,77.7262180974478,91.84521400964157,90.31115608398684,96.2877030162413,70.7844749602959,64.86213002782696,87.93503480278423,2025-01-21 19:37:26.186649+00:00
2019-11-01,97.75523371218922,94.28571428571429,107.80263912794032,117.73284394253926,114.98069498069498,125.70281124497993,116.00540289714718,115.08365508365509,118.67469879518072,114.45132295010936,109.31788931788932,129.31726907630522,97.55408381845805,92.8957528957529,111.04417670682732,67.77052394698742,64.68468468468468,76.70682730923694,96.52324188359708,92.8957528957529,107.02811244979921,74.24921654648625,70.14157014157014,86.144578313253,2025-01-21 19:37:26.186649+00:00
2019-12-01,101.78589227443562,97.71195394760811,113.5836385836386,121.53299282701151,117.82708492731446,132.26495726495727,117.99925158942831,116.24585564906911,123.07692307692307,120.14851879687185,114.56261157867891,136.32478632478632,100.9333837623686,95.20530476919154,117.52136752136752,69.28914749434912,66.28411119612343,77.99145299145299,99.86685486495529,96.35297118082123,110.04273504273505,82.73109658606465,77.50573833205814,97.86324786324786,2025-01-21 19:37:26.186649+00:00
2020-01-01,103.46813094682776,98.37342662386843,118.22192059721752,119.99266116760941,116.88967432466549,128.978622327791,114.8372594515283,112.16864428174702,122.56532066508314,123.31784996455141,117.01590507447614,141.56769596199524,104.15023931660608,98.6114617520828,120.19002375296913,74.80302395748052,70.28528149457208,87.88598574821853,100.42555985497143,95.0770007573845,115.91448931116389,86.75032291504718,78.56601868215097,110.45130641330167,2025-01-21 19:37:26.186649+00:00
2020-02-01,106.75962553916047,100.72952961672475,124.22222222222221,123.5535052283291,119.63922764227642,134.88888888888889,117.11563301675221,114.35467479674799,125.11111111111111,126.83486292853732,121.21443089430895,143.11111111111111,109.98664824530464,102.84552845528455,130.66666666666666,76.77743860285423,71.29065040650406,92.66666666666666,104.14382648869845,96.4430894308943,126.44444444444444,88.90546426364745,79.3191056910569,116.66666666666669,2025-01-21 19:37:26.186649+00:00
2020-03-01,106.16745568578004,99.98528383797506,124.07045009784736,125.4014136840156,121.40097862477467,136.986301369863,116.55693869805137,116.32758176667525,117.2211350293542,126.38459170835577,121.71001802729847,139.92172211350294,112.26399011293604,101.69971671388103,142.85714285714286,72.90876768069062,66.39196497553438,91.78082191780823,101.59848486121541,93.97373165078547,123.67906066536203,88.05800305519551,78.39299510687613,116.04696673189824,2025-01-21 19:37:26.186649+00:00
2020-04-01,98.77423988946006,93.54122245913291,113.92857142857144,119.52988679926635,115.45398009950249,131.33333333333334,111.09414291472709,112.22014925373134,107.83333333333333,118.91718183455288,115.205223880597,129.66666666666666,107.59984082645505,96.64179104477611,139.33333333333334,67.7805874458159,62.06467661691543,84.33333333333334,92.06995933856868,85.82089552238806,110.16666666666667,74.42808006683437,67.3818407960199,94.83333333333333,2025-01-21 19:37:26.186649+00:00
2020-05-01,77.44444232066995,73.99732977303071,87.42695950030223,93.40669591318104,90.69158878504673,101.26939351198871,80.75002997233848,83.55140186915888,72.63751763046545,98.18250531654613,94.24299065420561,109.59097320169252,101.42394928491319,94.3177570093458,122.0028208744711,53.14783004664684,48.560747663551396,66.43159379407615,64.4674113860899,62.76635514018692,69.3935119887165,50.73267432497407,43.85046728971963,70.66290550070522,2025-01-21 19:37:26.186649+00:00
2020-06-01,62.91962015697517,59.7473011569928,72.10636079249218,73.746565452145,71.73839376482549,79.56204379562044,55.12987273434163,56.52321247034904,51.0948905109489,81.95277166766238,75.80481192815995,99.7566909975669,101.06610324261024,96.64520501524908,113.86861313868613,44.861424741739114,40.02033209081667,58.880778588807786,46.605426740494664,47.40765842087428,44.28223844282238,37.07517651983311,30.09149440867502,57.2992700729927,2025-01-21 19:37:26.186649+00:00
2020-07-01,61.6262518795319,58.167552735379864,71.64232276451729,73.4523706805357,71.51860744297718,79.05236907730674,57.43342022625545,57.50300120048019,57.231920199501246,75.96997961697178,69.86794717887155,93.64089775561098,94.63211865209111,89.07563025210084,110.72319201995012,41.22488024184143,36.64465786314526,54.48877805486285,48.59368103083341,49.39975990396158,46.25935162094763,40.07731270819441,33.163265306122454,60.09975062344139,2025-01-21 19:37:26.186649+00:00
2020-08-01,61.29472812625663,58.55479368685844,69.22932330827068,75.79892781585187,74.66628798636751,79.07894736842104,65.30719834438045,65.77676796364668,63.94736842105263,69.3936461906974,63.959102527690995,85.13157894736842,84.03572452273211,77.47798920761147,103.0263157894737,38.66139667200157,36.3817097415507,45.26315789473684,51.974025898971114,54.24595285430275,45.39473684210526,43.892177439161856,37.37574552683896,62.76315789473684,2025-01-21 19:37:26.186649+00:00
2020-09-01,64.17218610206321,61.37933772730883,72.26001511715798,79.09290646407705,77.12618121178433,84.78835978835978,74.10530079716503,75.48638132295719,70.1058201058201,68.01556154272447,60.53362979433018,89.68253968253968,82.61963118088792,76.70928293496387,99.73544973544973,42.09164986916842,40.41133963312953,46.957671957671955,55.79339974879943,57.97665369649806,49.47089947089947,47.486853111620206,41.411895497498605,65.07936507936509,2025-01-21 19:37:26.186649+00:00
2020-10-01,65.47184646181105,62.36391306044406,74.47213239490203,80.57096350948311,78.22999180551761,87.35019973368841,79.38620729408251,80.36055722480197,76.56458055925432,67.77352540999051,59.08221797323135,92.9427430093209,83.50217321263452,79.32258945643267,95.60585885486019,43.45322179636766,41.49139579349904,49.134487350199734,55.63176216155195,56.54192843485386,52.996005326231696,47.985071848567074,41.51871073477193,66.711051930759,2025-01-21 19:37:26.186649+00:00
2020-11-01,66.61955360655499,63.81004154855744,74.75563909774436,81.45545839218526,79.77711334601794,86.31578947368422,84.07210960438763,84.75129111171513,82.10526315789474,68.35421100572687,60.016308779559665,92.5,85.11873292415535,81.8428920902419,94.60526315789474,45.49848058585965,43.6259853220984,50.921052631578945,56.342511772448276,57.76026094047295,52.23684210526316,45.495370961121836,38.89643924979614,64.60526315789474,2025-01-21 19:37:26.186649+00:00
2020-12-01,70.38431961926639,67.31537119596821,79.27170868347339,83.22366350671707,81.76390773405699,87.45098039215686,91.76939718391722,93.08005427408412,87.97385620915031,70.47069089423219,61.492537313432834,96.47058823529412,89.91344650223978,85.8887381275441,101.56862745098039,49.08880110633646,46.404341926729984,56.86274509803921,60.35868390057781,62.06241519674356,55.42483660130719,47.86555424084429,40.5156037991859,69.15032679738562,2025-01-21 19:37:26.186649+00:00
2021-01-01,73.02719389060113,69.83911610777282,82.25957049486462,84.90369497723367,83.3921302578019,89.28104575163398,95.97825495834351,98.561736770692,88.49673202614379,71.83437045665615,62.469470827679785,98.95424836601308,93.67594527939434,89.00949796472185,107.18954248366013,51.57489762559468,48.5753052917232,60.26143790849673,61.8164309048327,63.120759837177744,58.03921568627452,51.40676303215288,43.744911804613295,73.59477124183007,2025-01-21 19:37:26.186649+00:00
2021-02-01,73.84434424649251,70.85081123862287,82.5133372851215,84.71388836241378,83.35180055401662,88.65836791147994,96.84104787402802,99.14127423822714,90.17980636237897,72.20695336724192,62.991689750692515,98.89349930843707,95.88616290085072,93.46260387811634,102.9045643153527,51.63170980091023,48.254847645429365,61.41078838174274,61.71186742935848,61.911357340720215,61.134163208852,53.91877999064457,46.84210526315789,74.41217150760718,2025-01-21 19:37:26.186649+00:00
2021-03-01,73.00327763944951,69.88439070223457,82.0352839931153,83.13164317986154,81.72719473834715,87.1987951807229,97.34082080447368,97.82670860737775,95.93373493975903,70.62011995318048,62.13897626537031,95.18072289156626,94.82886752901453,93.82327709465255,97.74096385542168,50.49638330719427,46.611381183871885,61.74698795180723,60.200866512024604,58.678867600800686,64.60843373493975,54.404242190397404,48.38432942522162,71.83734939759037,2025-01-21 19:37:26.186649+00:00
2021-04-01,69.94322740205119,65.44591246903384,82.96703296703298,81.97693611544545,78.72832369942196,91.38461538461539,90.302623462253,89.45086705202311,92.76923076923077,68.3735632389959,59.04624277456647,95.38461538461539,92.04548250965374,88.55491329479769,102.15384615384616,49.07507840390143,43.81502890173411,64.3076923076923,56.95371420857994,53.67052023121388,66.46153846153845,50.875193875528915,44.85549132947976,68.3076923076923,2025-01-21 19:37:26.186649+00:00
2021-05-01,67.2583848442076,61.4669805476397,84.029752789324,80.08724350158869,75.80225498699046,92.49617151607963,80.11401664608903,76.84301821335646,89.5865237366003,66.91518926031193,56.548135299219425,96.93721286370598,89.99370092400488,84.79329285920787,105.05359877488515,49.32150980208162,42.873662908355016,67.99387442572741,58.325592776756935,54.98699045967043,67.99387442572741,46.051440998620066,38.42150910667823,68.1470137825421,2025-01-21 19:37:26.186649+00:00
2021-06-01,67.72409786741046,61.05924151036934,87.02490170380078,79.3662095501791,74.08906882591093,94.64831804281346,77.1951466184214,71.16830537883169,94.64831804281346,66.62193064730434,55.465587044534416,98.92966360856269,87.9623010877331,82.59109311740892,103.51681957186545,53.095487515257574,45.98033545401966,73.70030581039755,64.73032305811682,62.31925968768074,71.7125382262997,45.097286594860975,35.80104106419897,72.0183486238532,2025-01-21 19:37:26.186649+00:00
2021-07-01,67.52556492045662,60.35466269841271,88.29183049366536,76.70579727039532,70.45717592592592,94.80122324159021,77.34506541512624,70.63078703703704,96.78899082568807,68.00989998774557,56.857638888888886,100.30581039755351,83.35272114403983,77.60416666666667,100.0,55.02884378166378,47.36689814814815,77.21712538226299,67.79115007121302,63.74421296296296,79.51070336391437,44.44547677301246,35.82175925925927,69.41896024464832,2025-01-21 19:37:26.186649+00:00
2021-08-01,68.97589171555956,62.17757936507936,88.66317169069464,77.2122481690386,70.39930555555556,96.94189602446484,80.84289196163112,76.12847222222221,94.49541284403671,70.16512450743294,61.02430555555556,96.63608562691132,81.864892828281,75.54976851851852,100.15290519877675,56.53064306406834,49.33449074074073,77.37003058103974,73.2296649620136,67.10069444444446,90.97859327217125,42.98577651645126,35.70601851851852,64.06727828746176,2025-01-21 19:37:26.186649+00:00
2021-09-01,71.41859215712462,65.12434933487566,89.64613368283095,81.06786685658106,74.00231347599768,101.52905198776759,86.26728694072008,83.68999421631001,93.7308868501529,70.47448848430156,62.232504337767494,94.34250764525993,84.85569315392917,78.25332562174668,103.97553516819572,56.21513724596528,49.91324465008676,74.46483180428135,78.13153584814856,71.68883747831117,96.78899082568807,42.91813657022661,36.09022556390978,62.69113149847094,2025-01-21 19:37:26.186649+00:00
2021-10-01,71.70229694186513,65.39287779889284,89.97378768020971,83.91737094696599,77.09658762290341,103.6697247706422,87.97583192838516,87.04453441295547,90.67278287461775,70.29406922788039,61.56737998843262,95.56574923547402,84.78734018168217,76.89415847310585,107.64525993883791,53.15067642966375,46.529786003470214,72.32415902140673,77.88385236903545,71.19722382880278,97.24770642201835,43.90693750944298,37.42047426257952,62.69113149847095,2025-01-21 19:37:26.186649+00:00
2021-11-01,70.47055763738491,64.29397669999175,88.35736129314111,82.6126558173266,75.13013302486986,104.28134556574923,86.09278887694401,86.14806246385194,85.93272171253822,68.62960433495373,59.80335454019664,94.18960244648318,81.64160685716693,73.77096587622904,104.434250764526,51.75539068844182,45.28629265471371,70.48929663608563,78.69138982414972,72.75882012724118,95.87155963302752,43.87046706271154,37.16020821283979,63.30275229357798,2025-01-21 19:37:26.186649+00:00
2021-12-01,70.22982673197957,63.909774436090224,88.53211009174312,81.46215408936376,73.42394447657605,104.74006116207951,83.59651365139447,83.05378831694621,85.16819571865443,67.8202561635405,58.820127241179875,93.88379204892966,79.27346143948641,71.74667437825332,101.07033639143731,52.07782577731673,45.720069404279926,70.48929663608563,82.08202942286113,76.6338924233661,97.85932721712538,45.29654657989394,37.96992481203007,66.5137614678899,2025-01-21 19:37:26.186649+00:00
2022-01-01,72.75330166785453,65.89022425969522,92.62813522355506,86.78784734132586,78.69326394911825,110.2290076335878,87.17578760580392,85.80514599595259,91.14503816793894,70.44946147722041,60.50881757733449,99.23664122137404,79.100873101075,71.72593235039028,100.45801526717557,53.82403912078048,46.313963573287076,75.57251908396947,84.63000680402044,78.05724197745013,103.66412213740458,47.305096224755616,40.127204394333624,68.09160305343511,2025-01-21 19:37:26.186649+00:00
2022-02-01,75.25058421184687,68.82591093117409,93.8558402084238,92.47873970169863,84.52862926547137,115.50151975683892,95.03051735024349,93.262001156738,100.15197568389058,74.1247335216191,63.56275303643724,104.7112462006079,79.78854444186098,74.43609022556392,95.2887537993921,55.711209256703135,48.81434355118566,75.6838905775076,84.74680754253467,78.74493927125506,102.12765957446808,44.873537668268064,38.43262001156738,63.52583586626139,2025-01-21 19:37:26.186649+00:00
2022-03-01,76.35928224552437,70.45304232804232,93.46320346320347,97.71741949036048,90.07523148148148,119.84848484848484,97.86773373601727,95.45717592592592,104.84848484848484,77.36902121596387,67.04282407407408,107.27272727272727,79.09355302308063,74.5949074074074,92.12121212121212,57.19953382355927,51.157407407407405,74.6969696969697,83.07283473422248,78.58796296296296,96.06060606060606,42.19487969546666,36.25578703703704,59.3939393939394,2025-01-21 19:37:26.186649+00:00
2022-04-01,76.84964201390709,71.39201429789999,92.65442404006679,102.56949697647747,95.96246801251067,121.70283806343906,99.75372400163076,96.84390105203298,108.18030050083473,80.63346170031967,70.42934319021894,110.18363939899832,78.4438147340872,75.03554165481944,88.31385642737897,57.44897676046154,51.74864941711686,73.95659432387312,78.04922310046393,73.81290872903043,90.31719532554257,41.0487968239091,35.911288029570656,55.92654424040066,2025-01-21 19:37:26.186649+00:00
2022-05-01,79.97201448078299,74.78077168367348,95.00537056928034,107.807004321667,102.06473214285714,124.43609022556392,106.27878086410172,102.9296875,115.97744360902256,85.31657281824857,74.27455357142857,117.29323308270676,81.48835851045311,79.18526785714286,88.15789473684211,58.25695103571745,52.9296875,73.6842105263158,78.55551287927938,74.52566964285714,90.22556390977444,42.100920936013665,37.55580357142858,55.26315789473685,2025-01-21 19:37:26.186649+00:00
2022-06-01,82.60981365365558,78.11541678282687,95.6251687820686,112.07679526902159,107.30415388904376,125.89792060491493,113.5526442878152,110.20351268469473,123.25141776937619,90.02993786612815,79.53721773069417,120.41587901701322,82.0344681993695,80.79174797881238,85.63327032136107,59.290607782860576,54.502369668246445,73.15689981096408,79.52400824522624,75.91301923613048,89.98109640831758,41.76023392516784,38.55589629216616,51.039697542533084,2025-01-21 19:37:26.186649+00:00
2022-07-01,81.86239960747477,77.74763633462321,93.77837116154873,111.49005139141542,107.26054174811505,123.73831775700934,112.34247121918938,108.60094945545937,123.17757009345794,93.78168386291864,84.08265847528622,121.86915887850466,80.75377192409067,80.3686121195197,81.86915887850468,59.56539712399473,54.509913432002236,74.2056074766355,73.53903650506217,69.95252722703155,83.92523364485982,41.56438522565233,39.45825188494834,47.66355140186916,2025-01-21 19:37:26.186649+00:00
2022-08-01,81.88741745609211,76.87302917814233,96.40861931364725,111.98394164270779,106.73372450405142,127.1880819366853,108.6375511060815,103.32495110366024,124.02234636871509,97.15034122254261,87.67812238055322,124.58100558659218,80.96925846922784,79.1561888795753,86.21973929236499,60.234385364935505,53.89773679798826,78.58472998137802,69.75541198143036,65.54903604358759,81.93668528864059,44.48103240571923,41.77144453758032,52.32774674115456,2025-01-21 19:37:26.186649+00:00
2022-09-01,85.11859516254262,79.69504650141698,100.82468741686618,116.72245623624386,110.7292539815591,134.0782122905028,112.52820888452314,107.20871751886003,127.93296089385476,102.53208786717455,93.82509080748812,127.74674115456239,83.29002642696625,80.41352333053926,91.62011173184358,62.97649051388987,56.30064263760827,82.30912476722533,71.64003220173899,66.21961441743504,87.33705772811919,46.140864007261676,43.16848281642917,54.7486033519553,2025-01-21 19:37:26.186649+00:00
2022-10-01,89.79038235477408,84.66022518565839,104.64684014869889,121.7906395920694,116.34991615427614,137.546468401487,117.37766988280462,113.75069871436557,127.88104089219331,108.34767097131737,100.44717719396311,131.2267657992565,88.54151423476537,85.35494689770822,97.76951672862452,67.62566302856284,61.067635550586914,86.61710037174721,76.78602156493636,70.37451089994411,95.35315985130111,48.0634972089625,45.27669088876467,56.13382899628254,2025-01-21 19:37:26.186649+00:00
2022-11-01,92.56690712285638,87.45108999441028,107.38183749336164,123.48414097763863,118.94913359418669,136.6171003717472,117.80921787090904,115.67915036333147,123.97769516728624,111.54783608889781,103.66126327557294,134.38661710037175,91.62247194934012,87.70262716601454,102.97397769516728,71.22441547351058,64.5612073784237,90.52044609665427,81.7690825746221,74.51089994410285,102.78810408921933,50.5111849250764,47.0933482392398,60.4089219330855,2025-01-21 19:37:26.186649+00:00
2022-12-01,94.74001949890378,90.25120811534008,107.73919957593428,124.52352759075542,120.88342186189544,135.06493506493507,116.83132421922667,116.94157114900756,116.51205936920223,114.0743705976098,106.5697511881465,135.80705009276437,92.77615081838688,89.32065977075762,102.78293135435993,75.30061401249154,69.97483925076881,90.72356215213358,86.38178557579516,79.11657813810456,107.42115027829314,53.29236367806102,48.95163544870003,65.86270871985158,2025-01-21 19:37:26.186649+00:00
2023-01-01,97.6893627827496,94.72127872127872,106.28465804066543,127.03879315372329,124.5034965034965,134.3807763401109,116.34670878367152,118.09790209790211,111.27541589648798,118.19890853693602,112.41958041958041,134.93530499075786,95.07015883882796,94.06993006993007,97.96672828096118,78.81834086542648,75.97202797202797,87.06099815157117,91.42441961727297,85.84615384615384,107.57855822550832,56.92820968338891,52.13986013986015,70.79482439926062,2025-01-21 19:37:26.186649+00:00
2023-02-01,100.22200701964279,97.98314629178482,106.70553935860059,128.31684747585678,126.30696114062064,134.13729128014842,116.91532323818217,118.14369583449817,113.35807050092765,122.2281456318996,118.11573944646352,134.13729128014842,95.92268954136085,95.21945764607213,97.95918367346938,80.25246128956917,78.11014816885658,86.45640074211502,97.15391020851023,94.18507128878949,105.75139146567717,60.764671752120705,55.80095051719317,75.13914656771799,2025-01-21 19:37:26.186649+00:00
2023-03-01,101.75907130809576,99.49349924224296,108.31995719636168,129.40260943999766,127.72194304857621,134.2696629213483,119.63223174659302,119.03964265773311,121.34831460674158,125.21736151570312,122.02680067001675,134.4569288389513,94.28125525648136,92.62981574539363,99.06367041198502,79.38418706329819,76.85650474595198,86.70411985018727,100.78114732159665,99.69290898939141,103.93258426966293,63.614706813000396,58.48687883863763,78.46441947565543,2025-01-21 19:37:26.186649+00:00
2023-04-01,101.7937590781031,99.12755955700742,109.51482479784364,129.79161255822976,128.02565532626883,134.9056603773585,117.84803211646276,116.06246514221974,123.01886792452831,127.38826782769115,123.61963190184049,138.30188679245282,93.69895010987238,91.13218070273285,101.13207547169812,78.839064123173,75.76687116564418,87.73584905660377,102.06720752459134,101.47796988287786,103.77358490566039,62.92317928670121,57.808142777467936,77.73584905660377,2025-01-21 19:37:26.186649+00:00
2023-05-01,99.96636964688004,97.31570353259788,107.64245206589251,127.96398498819352,126.06635071090048,133.4593572778828,115.17203160734894,113.8834680791748,118.90359168241966,125.61778595419992,121.99609701700587,136.10586011342156,91.15750458797734,88.43044326735433,99.05482041587902,78.23768580670921,74.77000278784499,88.27977315689981,99.83624575822589,98.99637580150544,102.26843100189036,61.77934882550549,57.06718706439922,75.42533081285444,2025-01-21 19:37:26.186649+00:00
2023-06-01,100.42957102478522,98.36268026452076,106.41509433962266,127.49639265381643,126.24093697713329,131.1320754716981,121.40653485230483,120.71946458449526,123.39622641509433,125.13392999127166,122.47629670942554,132.83018867924528,90.37313416526189,89.0686001115449,94.15094339622641,75.32860835619661,71.50027886224206,86.41509433962264,98.87369317429642,98.54991634132739,99.81132075471697,64.39470398034871,59.98326826547685,77.16981132075472,2025-01-21 19:37:26.186649+00:00
2023-07-01,103.80767778864092,102.43601480714882,107.77988614800759,127.30548361078215,126.97130119810532,128.2732447817837,129.38615432231822,129.31178601281695,129.60151802656546,127.86037468041296,126.07968793535804,133.01707779886146,94.444873053505,93.31290052939538,97.72296015180265,75.142790490621,71.99777096684313,84.25047438330171,103.07980593312318,104.01225968236278,100.37950664136622,69.43426242972384,65.36639732516021,81.21442125237192,2025-01-21 19:37:26.186649+00:00
2023-08-01,107.5114765222798,106.89833406226391,109.28708003277792,128.71706311414275,128.8616754801002,128.2982791586998,131.78945609142926,133.2591149457278,127.53346080305927,131.09242888479255,130.67074867798496,132.3135755258126,97.34620506158099,95.76955190648482,101.91204588910134,79.57240075590342,77.73448371834121,84.89483747609943,108.68476449874332,109.7689952685778,105.54493307839388,75.37801724936621,72.22376843863067,84.51242829827916,2025-01-21 19:37:26.186649+00:00
2023-09-01,110.57349708812305,109.8323534085492,112.71978021978022,131.46803262783894,130.97886540600666,132.8846153846154,129.88631819436154,131.50723025583983,125.1923076923077,132.89985126821153,132.174638487208,135.0,100.19123730357306,98.33147942157953,105.57692307692308,85.21678723882037,83.5650723025584,90.0,114.18466655158227,114.76640711902114,112.5,80.16758643247354,77.50278086763069,87.88461538461539,2025-01-21 19:37:26.186649+00:00
2023-10-01,112.43623814776963,111.40713094576351,115.41643684500825,131.78932716406976,131.100611450806,133.7837837837838,129.83972635741273,129.87770983879935,129.72972972972974,132.65267317229961,131.79544191217343,135.13513513513513,102.68838758755967,100.41689827682046,109.26640926640925,90.30766881672363,89.16064480266814,93.62934362934362,116.26900373510514,116.9538632573652,114.28571428571429,83.50688020121692,80.54474708171206,92.08494208494209,2025-01-21 19:37:26.186649+00:00
2023-11-01,113.23238457294373,111.87631484936291,117.15943630837248,131.08077518658985,130.25840511253125,133.4622823984526,129.7295580222592,128.84134481800498,132.3017408123791,133.94009686367252,133.3703806612948,135.5899419729207,103.7923051028984,101.36148930258405,110.83172147001935,93.38610583150364,91.63656571269797,98.45261121856866,117.02525686744931,117.22700750208391,116.44100580270793,83.67259413623324,80.43901083634343,93.03675048355899,2025-01-21 19:37:26.186649+00:00
2023-12-01,113.29587602994484,111.05158730158732,119.79512735326686,132.54405738001222,131.0,137.015503875969,125.43928632457869,123.58333333333333,130.81395348837208,136.25035418531075,135.25,139.14728682170542,104.81574582486088,101.86111111111111,113.37209302325581,93.99433516220006,90.91666666666667,102.90697674418604,115.47758133572063,113.52777777777777,121.12403100775194,84.5497719969307,81.22222222222223,94.18604651162791,2025-01-21 19:37:26.186649+00:00
2024-01-01,113.73969787443664,110.53968253968253,123.00664451827242,134.4483895029212,131.88888888888889,141.86046511627904,124.76075072068602,121.66666666666666,133.72093023255815,138.0955465200475,136.52777777777777,142.63565891472868,103.94107514561372,98.94444444444444,118.4108527131783,95.3852761669137,91.58333333333333,106.3953488372093,112.7661668629042,109.27777777777777,122.86821705426357,86.7806802019702,83.88888888888889,95.15503875968993,2025-01-21 19:37:26.186649+00:00
2024-02-01,114.313679312416,111.32142857142857,122.97895902547066,134.28415433147524,131.33333333333331,142.82945736434107,125.00382633765183,122.19444444444444,133.13953488372096,138.67463170682117,136.97222222222223,143.6046511627907,105.58729101385406,100.22222222222223,121.12403100775194,95.55795987952709,92.08333333333333,105.62015503875969,112.82246525993446,109.88888888888889,121.31782945736434,88.26542665764813,86.55555555555556,93.2170542635659,2025-01-21 19:37:26.186649+00:00
2024-03-01,112.36658487552606,110.05952380952382,119.04761904761904,133.52859691056557,131.72222222222223,138.75968992248062,122.00232007399981,120.83333333333333,125.3875968992248,137.825231018818,136.83333333333331,140.69767441860466,104.55581094168936,99.97222222222223,117.82945736434108,92.47390028109098,89.13888888888889,102.13178294573643,110.0058797715859,107.63888888888889,116.86046511627907,86.17435513093284,84.27777777777777,91.66666666666667,2025-01-21 19:37:26.186649+00:00
2024-04-01,110.16490290141824,107.52777777777779,117.80177187153933,134.22967456294788,133.0,137.7906976744186,119.28806421004143,117.58333333333333,124.2248062015504,136.21470357600882,134.66666666666666,140.69767441860466,101.78616599495217,97.25,114.92248062015504,91.13179407875002,87.33333333333334,102.13178294573643,107.05695901569993,105.27777777777777,112.20930232558139,81.44695887152758,77.58333333333331,92.63565891472868,2025-01-21 19:37:26.186649+00:00
2024-05-01,109.28052272350943,106.7777777777778,116.52823920265782,134.24187380950875,133.08333333333331,137.5968992248062,115.74134255654397,112.61111111111111,124.8062015503876,136.35548738471368,134.72222222222223,141.08527131782947,101.94759759138533,97.33333333333334,115.31007751937985,91.17869680423215,88.33333333333333,99.4186046511628,105.31780919461757,104.61111111111111,107.36434108527132,80.18085172356454,76.75,90.11627906976744,2025-01-21 19:37:26.186649+00:00
2024-06-01,107.43492129081145,104.93513706510099,114.6740638002774,132.58230800589723,131.63010274923633,135.3398058252427,110.58459393508636,106.99805609552902,120.97087378640776,139.4359066150245,138.90585948347683,140.97087378640776,98.99390951084443,93.75173562899195,114.1747572815534,89.54356638568834,86.67036934184948,97.86407766990291,101.24601767854554,100.0,104.85436893203884,79.6581469045937,76.58983615662316,88.54368932038835,2025-01-21 19:37:26.186649+00:00
2024-07-01,106.75673078665045,103.33148250971682,116.67593107281823,130.94252274419347,129.40033314825098,135.40856031128405,109.59236113356309,106.05219322598555,119.8443579766537,140.73189479028332,139.95002776235424,142.99610894941634,98.21684341062509,92.22654081066074,115.56420233463035,87.50305322603764,83.12048861743476,100.19455252918289,99.69821004805007,96.97390338700723,107.58754863813229,80.61223015380043,75.59689061632426,95.13618677042803,2025-01-21 19:37:26.186649+00:00
2024-08-01,106.7144188251145,102.56135759882636,118.74129768866612,131.51072504074335,129.66971967804608,136.8421052631579,111.30104932186421,107.79905634193727,121.44249512670565,140.70437978067653,140.35525950596724,141.71539961013644,98.714253083704,91.67360532889259,119.10331384015595,85.05159204188033,79.82237024701638,100.19493177387915,98.72895984875665,94.58784346378019,110.72124756335283,80.98997265817641,74.02164862614488,101.16959064327486,2025-01-21 19:37:26.186649+00:00
2024-09-01,105.90676581672571,101.37545584271444,119.02901785714286,134.55268562772704,132.65815760266372,140.0390625,114.24586548945904,110.12763596004439,126.171875,141.111701058107,141.00998890122088,141.40625,95.99418140786983,88.06881243063263,118.9453125,81.65530011157534,75.86015538290788,98.4375,93.78803434905399,88.54051054384018,108.984375,79.99959267328771,73.36293007769146,99.21875,2025-01-21 19:37:26.186649+00:00
2024-10-01,104.78826764251416,100.06342159505311,118.47098214285714,133.63947355281084,131.15982241953384,140.8203125,115.94343544468754,111.7369589345172,128.125,139.29385352113462,138.42952275249723,141.796875,95.44649927273262,86.79245283018868,120.5078125,78.84112824033636,72.61376248612652,96.875,92.74504891773684,87.06992230854607,109.1796875,77.60843454816035,72.64150943396227,91.9921875,2025-01-21 19:37:26.186649+00:00
2024-11-01,105.47276844789215,100.19422863485018,120.75892857142857,131.7480095311451,128.41287458379577,141.40625,116.64815271113412,111.87569367369589,130.46875,139.36175226392123,138.31853496115428,142.3828125,97.96967685068293,88.56825749167592,125.1953125,79.2837463102934,72.19755826859046,99.8046875,97.13651316246043,90.95449500554939,115.0390625,76.16152830560799,71.03218645948945,91.015625,2025-01-21 19:37:26.186649+00:00
2024-12-01,108.45614021530754,103.03234501347708,124.16294642857143,131.46814433440414,127.96892341842397,141.6015625,119.66030306882634,114.511653718091,134.5703125,141.0507456062897,139.511653718091,145.5078125,98.9831544106696,90.06659267480578,124.8046875,83.533695327537,76.0266370699223,105.2734375,102.43516535292787,96.53163152053273,119.53125,82.06177340649822,76.6093229744728,97.8515625,2025-01-21 19:37:26.186649+00:00
